function_name,defined_in_migrations,redefinition_count
bodies,20260527000002_phase2_hardening.sql,1
enforce_metrics_snapshot_immutability,add-phase4b-governance-observability.migration.sql,1
enforce_prompt_validation_immutability,add-phase4b-governance-observability.migration.sql,1
enforce_provenance_immutability,add-phase4b-governance-observability.migration.sql,1
find_similar_skills,001_semantic_ai_upgrade.sql,1
public._set_updated_at,000_initial_schema.sql,1
public.acquire_sync_lock,000_initial_schema.sql,1
public.activate_subscription_tx,000_initial_schema.sql,1
public.add_skills_to_profile,000_initial_schema.sql,1
public.aggregate_daily_metrics,000_initial_schema.sql,1
public.approve_pending_entry_transaction,000_initial_schema.sql,1
public.autocomplete_roles,000_initial_schema.sql,1
public.bulk_import_dataset,000_initial_schema.sql,1
public.bulk_import_graph,000_initial_schema.sql,1
public.bulk_import_skills,000_initial_schema.sql,1
public.cancel_subscription_tx,000_initial_schema.sql,1
public.career_health_set_latest,202604130002_ai_tables.sql,1
public.check_and_increment_ai_usage,000_initial_schema.sql,1
public.check_rate_limit,000_initial_schema.sql,1
public.chi_lifecycle_run,20260411023000_chi_retention_lifecycle.sql,1
public.claim_ai_job_for_processing,000_initial_schema.sql,1
public.claim_automation_job,000_initial_schema.sql,1
public.claim_job,000_initial_schema.sql,1
public.claim_outbox_events,000_initial_schema.sql,1
public.cleanup_old_chi_scores_partitions,20260410162714_remote_schema.sql,1
public.cleanup_old_search_events,000_initial_schema.sql,1
public.complete_professional_onboarding,000_initial_schema.sql,1
public.complete_resume_onboarding,000_initial_schema.sql,1
public.complete_student_onboarding,000_initial_schema.sql,1
public.compute_learning_progress,20260410162714_remote_schema.sql,1
public.consume_ai_credits,000_initial_schema.sql,1
public.create_chi_score_partition,20260411023000_chi_retention_lifecycle.sql,1
public.create_cms_role,000_initial_schema.sql,1
public.create_employer_with_admin,000_initial_schema.sql,1
public.create_next_quarterly_partition,000_initial_schema.sql,1
public.create_resume_analysis_snapshot,20260410162714_remote_schema.sql,1
public.create_role,000_initial_schema.sql,1
public.deduct_credits,000_initial_schema.sql,1
public.delete_role,000_initial_schema.sql,1
public.delete_user_data,000_initial_schema.sql,1
public.drop_stale_chi_partitions,20260411023000_chi_retention_lifecycle.sql,1
public.ensure_chi_mv_fresh,20260411023000_chi_retention_lifecycle.sql,1
public.ensure_chi_scores_partition,20260410162714_remote_schema.sql,1
public.ensure_future_chi_scores_partitions,20260410162714_remote_schema.sql,1
public.fail_automation_job,000_initial_schema.sql,1
public.fail_job,000_initial_schema.sql,1
public.find_similar_skills,000_initial_schema.sql,1
public.fn__phase2_resolve_board_id,20260527000001_phase2_academic_context_apis.sql,1
public.fn__phase2_resolve_country_id,20260527000001_phase2_academic_context_apis.sql,1
public.fn__phase2_resolve_region_id,20260527000001_phase2_academic_context_apis.sql,1
public.fn__phase2_resolve_stream_id,20260527000001_phase2_academic_context_apis.sql,1
public.fn_academic_taxonomy_hash,20260526000001_phase1a_academic_taxonomy_infrastructure.sql,1
public.fn_approve_lineage_transition,fn_approve_lineage_transition_DROP_CREATE.sql,1
public.fn_build_cache_key,20260526000007_phase1a_distributed_governance.sql,1
public.fn_complete_academic_onboarding,20260527000003_phase2b_student_academic_rpcs_evolution.sql,1
public.fn_consent_ledger_immutable,20260601000001_governance_foundation_RECONSTRUCTED.sql,1
public.fn_create_student_academic_profile,20260527000003_phase2b_student_academic_rpcs_evolution.sql,1
public.fn_deprecate_taxonomy_entity,20260526000003_phase1a_taxonomy_utility_rpcs.sql;20260526000004_phase1a_governance_hardening.sql,2
public.fn_enforce_immutable_business_key,20260526000004_phase1a_governance_hardening.sql,1
public.fn_explainability_snapshot_immutable,20260601000001_governance_foundation_RECONSTRUCTED.sql;20260601000004_governance_refinements.sql,2
public.fn_explanation_details_guard,20260608000001_intelligence_foundation_layer.sql,1
public.fn_get_active_model_version,20260601000004_governance_refinements.sql,1
public.fn_get_active_weight_version,20260601000001_governance_foundation_RECONSTRUCTED.sql;20260601000004_governance_refinements.sql,2
public.fn_get_boards_for_region,20260526000006_phase1a_operational_governance.sql;20260527000001_phase2_academic_context_apis.sql;20260527000002_phase2_hardening.sql,3
public.fn_get_consent_history,20260601000001_governance_foundation_RECONSTRUCTED.sql;20260601000004_governance_refinements.sql,2
public.fn_get_countries,20260527000001_phase2_academic_context_apis.sql;20260527000002_phase2_hardening.sql,2
public.fn_get_intelligence_history,20260608000001_intelligence_foundation_layer.sql,1
public.fn_get_languages_for_region,20260526000003_phase1a_taxonomy_utility_rpcs.sql;20260527000001_phase2_academic_context_apis.sql;20260527000002_phase2_hardening.sql,3
public.fn_get_latest_explanation,20260601000001_governance_foundation_RECONSTRUCTED.sql;20260601000004_governance_refinements.sql,2
public.fn_get_lineage_audit_log,Sprint_1C_Migration_1C_01.sql,1
public.fn_get_next_snapshot_sequence,20260608000001_intelligence_foundation_layer.sql,1
public.fn_get_recommendation_explanation,20260608000001_intelligence_foundation_layer.sql,1
public.fn_get_regions_for_country,20260526000006_phase1a_operational_governance.sql;20260527000001_phase2_academic_context_apis.sql;20260527000002_phase2_hardening.sql,3
public.fn_get_registry_audit_events,Sprint_1C_Migration_1C_01.sql,1
public.fn_get_signal_lineage_summary,Sprint_1C_Migration_1C_01.sql,1
public.fn_get_signal_successors,Sprint_1C_Migration_1C_01.sql,1
public.fn_get_streams_for_board,20260526000003_phase1a_taxonomy_utility_rpcs.sql;20260527000001_phase2_academic_context_apis.sql;20260527000002_phase2_hardening.sql,3
public.fn_get_student_full_profile,20260527000003_phase2b_student_academic_rpcs_evolution.sql,1
public.fn_get_student_intelligence_summary,20260608000001_intelligence_foundation_layer.sql,1
public.fn_get_student_recommendations,20260608000001_intelligence_foundation_layer.sql,1
public.fn_get_subjects_for_stream,20260526000003_phase1a_taxonomy_utility_rpcs.sql;20260527000001_phase2_academic_context_apis.sql;20260527000002_phase2_hardening.sql,3
public.fn_governance_drift_report,20260526000007_phase1a_distributed_governance.sql,1
public.fn_guard_taxonomy_deprecation_dependencies,20260526000006_phase1a_operational_governance.sql,1
public.fn_phase2a_immutable_row,20260608000001_intelligence_foundation_layer.sql,1
public.fn_pipeline_run_protect_audit_columns,20260601000001_governance_foundation_RECONSTRUCTED.sql;20260601000004_governance_refinements.sql;20260601000004_governance_refinements.sql,3
public.fn_prevent_governance_contract_mutation,20260526000007_phase1a_distributed_governance.sql,1
public.fn_prevent_physical_delete_taxonomy,20260526000001_phase1a_academic_taxonomy_infrastructure.sql,1
public.fn_record_consent_event,20260601000001_governance_foundation_RECONSTRUCTED.sql;20260601000004_governance_refinements.sql,2
public.fn_sap_set_updated_at,20260527000003_phase2b_student_academic_rpcs_evolution.sql,1
public.fn_save_student_languages,20260527000003_phase2b_student_academic_rpcs_evolution.sql,1
public.fn_save_student_subjects,20260527000003_phase2b_student_academic_rpcs_evolution.sql,1
public.fn_set_updated_at,000_initial_schema.sql,1
public.fn_set_updated_at_category,20260608000001_intelligence_foundation_layer.sql,1
public.fn_set_updated_at_ontology,20260608000001_intelligence_foundation_layer.sql,1
public.fn_signal_weight_version_protect,20260601000001_governance_foundation_RECONSTRUCTED.sql;20260601000004_governance_refinements.sql;20260601000004_governance_refinements.sql,3
public.fn_slp_set_updated_at,20260527000003_phase2b_student_academic_rpcs_evolution.sql,1
public.fn_sss_set_updated_at,20260527000003_phase2b_student_academic_rpcs_evolution.sql,1
public.fn_taxonomy_health_check,20260526000003_phase1a_taxonomy_utility_rpcs.sql,1
public.fn_trg_immutability_audit_log,migration_1A_02_core_tables.sql,1
public.fn_trg_immutability_signal_lineage,migration_1A_02_core_tables.sql,1
public.fn_trg_set_updated_at,migration_1A_02_core_tables.sql,1
public.fn_validate_replay_preconditions,20260526000007_phase1a_distributed_governance.sql,1
public.fn_verify_active_consent,20260601000001_governance_foundation_RECONSTRUCTED.sql;20260601000004_governance_refinements.sql,2
public.get_adaptive_weights,000_initial_schema.sql,1
public.get_ai_daily_cost,000_initial_schema.sql,1
public.get_ava_memory_users_due,000_initial_schema.sql,1
public.get_chi_percentile,20260411020000_percentile_optimization.sql,1
public.get_chi_percentile_band,20260411020000_percentile_optimization.sql,1
public.get_chi_score,20260410162714_remote_schema.sql,1
public.get_chi_trend_history,20260410023400_get_chi_trend_history.sql;20260411013000_rpc_hotspot_fixes.sql,2
public.get_hot_benchmark_cohorts,20260411033000_benchmark_prewarm_fns.sql,1
public.get_hot_enterprise_tenants,20260411030000_hot_enterprise_tenants_fn.sql,1
public.get_latest_chi_score,20260410021700_get_latest_chi_score_rpc.sql;20260410162714_remote_schema.sql;20260411013000_rpc_hotspot_fixes.sql,3
public.get_latest_resume_analysis,20260410162714_remote_schema.sql,1
public.get_onboarding_funnel_analytics,000_initial_schema.sql,1
public.get_opportunity_radar,000_initial_schema.sql,1
public.get_opportunity_radar_ai,000_initial_schema.sql,1
public.get_peer_benchmark,20260411021500_peer_benchmark_mv.sql,1
public.get_peer_benchmark_mv,20260411033000_benchmark_prewarm_fns.sql,1
public.get_rag_context_v1,000_initial_schema.sql,1
public.get_recent_observability_logs,20260411014500_partition_pruning.sql,1
public.get_resume_analysis_by_hash,20260410162714_remote_schema.sql,1
public.get_salary_band,000_initial_schema.sql,1
public.get_user_resume_analyses,20260410162714_remote_schema.sql,1
public.handle_new_user,000_initial_schema.sql;20260519000001_fix_handle_new_user_trigger.sql;supabase_bootstrap_fix.sql,3
public.health_check,000_initial_schema.sql,1
public.immutable_unaccent,000_initial_schema.sql,1
public.increment_ai_cost,000_initial_schema.sql,1
public.increment_ai_usage,000_initial_schema.sql,1
public.increment_ava_memory_jobs,000_initial_schema.sql,1
public.increment_ava_memory_skills,000_initial_schema.sql,1
public.increment_conversion_aggregate,000_initial_schema.sql,1
public.increment_conversion_event_count,000_initial_schema.sql,1
public.increment_rate_limit,000_initial_schema.sql,1
public.increment_user_quota,000_initial_schema.sql,1
public.is_admin,000_initial_schema.sql,1
public.list_roles,000_initial_schema.sql,1
public.match_career_roles,20260410162714_remote_schema.sql,1
public.match_jobs_by_embedding,000_initial_schema.sql,1
public.match_roles,000_initial_schema.sql,1
public.match_skills,000_initial_schema.sql,1
public.match_skills_semantic,000_initial_schema.sql,1
public.merge_notification_delivery_status,000_initial_schema.sql,1
public.next_resume_version,000_initial_schema.sql,1
public.normalize_query,000_initial_schema.sql,1
public.normalize_role_name,000_initial_schema.sql,1
public.normalize_text,000_initial_schema.sql,1
public.prevent_ai_snapshot_mutation,20260517_phase4b_ai_confidence_language.sql,1
public.prune_old_agent_results,000_initial_schema.sql,1
public.record_adaptive_outcome,000_initial_schema.sql,1
public.refresh_chi_benchmark_mv,20260411021500_peer_benchmark_mv.sql,1
public.refresh_chi_weekly_rollups_mv,20260410162714_remote_schema.sql,1
public.refresh_click_popularity,000_initial_schema.sql,1
public.refresh_peer_benchmark_mv,20260411031500_lifecycle_wrapper_fns.sql,1
public.refund_ai_credits,000_initial_schema.sql,1
public.refund_credits,20260410162714_remote_schema.sql,1
public.release_sync_lock,000_initial_schema.sql,1
public.remove_user_skills,000_initial_schema.sql,1
public.replace_career_predictions,000_initial_schema.sql;000_initial_schema.sql,2
public.replace_career_simulations,000_initial_schema.sql;000_initial_schema.sql,2
public.replace_education_roi,000_initial_schema.sql;000_initial_schema.sql,2
public.replace_student_academic_records,000_initial_schema.sql,1
public.replace_student_activities,000_initial_schema.sql,1
public.resolve_family_ids_for_domain,20260410162714_remote_schema.sql,1
public.resolve_search_weights,000_initial_schema.sql,1
public.retry_outbox_event,000_initial_schema.sql,1
public.roles_search_vector_trigger,000_initial_schema.sql,1
public.roles_search_vector_update,000_initial_schema.sql,1
public.run_analytics_retention_lifecycle,20260411031500_lifecycle_wrapper_fns.sql,1
public.sch_set_updated_at,000_initial_schema.sql,1
public.search_cms_roles,000_initial_schema.sql,1
public.search_roles,000_initial_schema.sql,1
public.search_roles_hybrid,000_initial_schema.sql,1
public.seed_consent_versions,000_initial_schema.sql,1
public.seed_user_and_profile,000_initial_schema.sql;202604130004_indexes_and_rpcs.sql,2
public.set_updated_at,000_initial_schema.sql;202604130001_baseline_schema.sql;20260526000001_phase1a_academic_taxonomy_infrastructure.sql;supabase_bootstrap_fix.sql,4
public.sim_set_updated_at,20260706000001_wp_p2_01_sim_enterprise_foundation.sql,1
public.sync_career_predictions,000_initial_schema.sql,1
public.sync_firebase_uid_bridge,202604130001_baseline_schema.sql;20260601000003_disable_firebase_bridge_RECONSTRUCTED.sql;20260601000003_disable_firebase_bridge_RECONSTRUCTED.sql,3
public.sync_user_display_fields,000_initial_schema.sql;202604130004_indexes_and_rpcs.sql,2
public.sync_user_tier_plan,000_initial_schema.sql,1
public.track_click_event,000_initial_schema.sql,1
public.track_search_event,000_initial_schema.sql,1
public.trg_fn_career_roles_search_vector,000_initial_schema.sql,1
public.trg_fn_career_skills_search_vector,000_initial_schema.sql,1
public.trigger_set_updated_at,000_initial_schema.sql,1
public.uid_from_firebase,202604130005_rls_policies.sql;20260601000003_disable_firebase_bridge_RECONSTRUCTED.sql;20260601000003_disable_firebase_bridge_RECONSTRUCTED.sql,3
public.update_resume_analysis_telemetry,20260410162714_remote_schema.sql,1
public.update_role,000_initial_schema.sql,1
public.update_updated_at,000_initial_schema.sql,1
public.upsert_ai_cost_tracking_atomic,000_initial_schema.sql,1
public.upsert_chi_score,20260410162714_remote_schema.sql,1
public.validate_search_weights,000_initial_schema.sql,1
trigger_set_updated_at,001_semantic_ai_upgrade.sql,1
update_academic_records_updated_at,20260522000001_student_academic_records.sql,1
update_academic_subjects_updated_at,20260522000001_student_academic_records.sql,1
update_achievements_updated_at,20260523000001_student_activities_phase3b.sql,1
update_activity_taxonomy_updated_at,20260523000001_student_activities_phase3b.sql,1
update_cognitive_responses_updated_at,20260524000001_student_cognitive_phase3c.sql,1
update_cognitive_signals_updated_at,20260524000001_student_cognitive_phase3c.sql,1
update_reflections_updated_at,20260523000001_student_activities_phase3b.sql,1
update_student_activities_updated_at,20260523000001_student_activities_phase3b.sql,1
update_updated_at_column,20260518000001_student_onboarding_foundation.sql;20260525000001_cross_domain_intelligence_phase3d.sql,2
validate_signal_key_exists,20260525000001_cross_domain_intelligence_phase3d.sql,1
